NAME,GS<br> follow link to MSigDB,GS DETAILS,SIZE,ES,NES,NOM p-val,FDR q-val,FWER p-val,RANK AT MAX,LEADING EDGE
TGACCTY_ERR1_Q2,TGACCTY_ERR1_Q2,Details ...,22,-0.55751395,-3.028416,0,0,0,125,"tags=86%, list=34%, signal=123%"
GO_POSITIVE_REGULATION_OF_BIOSYNTHETIC_PROCESS,GO_POSITIVE_REGULATION_OF_BIOSYNTHETIC_PROCESS,Details ...,36,-0.4156535,-2.7730641,0,0.002073084,0.003,138,"tags=75%, list=38%, signal=109%"
GO_NEUROGENESIS,GO_NEUROGENESIS,Details ...,53,-0.33514756,-2.6708615,0,0.002339517,0.005,227,"tags=91%, list=62%, signal=205%"
GO_CELL_PROJECTION_ORGANIZATION,GO_CELL_PROJECTION_ORGANIZATION,Details ...,38,-0.3693063,-2.6057694,0,0.003489208,0.01,178,"tags=82%, list=49%, signal=143%"
GO_REGULATION_OF_PROTEIN_MODIFICATION_PROCESS,GO_REGULATION_OF_PROTEIN_MODIFICATION_PROCESS,Details ...,34,-0.39292696,-2.5584288,0,0.004752847,0.017,193,"tags=88%, list=53%, signal=170%"
GGGTGGRR_PAX4_03,GGGTGGRR_PAX4_03,Details ...,32,-0.3927365,-2.5529766,0,0.004465624,0.019,201,"tags=91%, list=55%, signal=184%"
GO_POSITIVE_REGULATION_OF_GENE_EXPRESSION,GO_POSITIVE_REGULATION_OF_GENE_EXPRESSION,Details ...,38,-0.35884437,-2.5524018,0,0.003827678,0.019,143,"tags=71%, list=39%, signal=105%"
MEISSNER_BRAIN_HCP_WITH_H3K4ME3_AND_H3K27ME3,MEISSNER_BRAIN_HCP_WITH_H3K4ME3_AND_H3K27ME3,Details ...,47,-0.33701324,-2.552341,0,0.003349218,0.019,220,"tags=89%, list=60%, signal=196%"
GO_NEURON_PART,GO_NEURON_PART,Details ...,55,-0.31348974,-2.5446775,0,0.003786187,0.024,229,"tags=89%, list=63%, signal=203%"
GO_POSITIVE_REGULATION_OF_RNA_BIOSYNTHETIC_PROCESS,GO_POSITIVE_REGULATION_OF_RNA_BIOSYNTHETIC_PROCESS,Details ...,33,-0.38691124,-2.5289,0,0.003836702,0.027,138,"tags=73%, list=38%, signal=106%"
GO_NEURON_DEVELOPMENT,GO_NEURON_DEVELOPMENT,Details ...,40,-0.3603846,-2.5215204,0,0.003487911,0.027,185,"tags=83%, list=51%, signal=149%"
AACTTT_UNKNOWN,AACTTT_UNKNOWN,Details ...,47,-0.32664257,-2.4796324,0,0.004251642,0.036,200,"tags=83%, list=55%, signal=160%"
GO_CENTRAL_NERVOUS_SYSTEM_DEVELOPMENT,GO_CENTRAL_NERVOUS_SYSTEM_DEVELOPMENT,Details ...,26,-0.40968913,-2.47363,0,0.003924592,0.036,185,"tags=88%, list=51%, signal=167%"
GO_NEURON_DIFFERENTIATION,GO_NEURON_DIFFERENTIATION,Details ...,48,-0.33109885,-2.4520764,0,0.004636369,0.046,185,"tags=79%, list=51%, signal=139%"
GO_ANIMAL_ORGAN_MORPHOGENESIS,GO_ANIMAL_ORGAN_MORPHOGENESIS,Details ...,36,-0.35435665,-2.4340909,0,0.005187573,0.055,219,"tags=92%, list=60%, signal=207%"
GO_AXON_DEVELOPMENT,GO_AXON_DEVELOPMENT,Details ...,26,-0.41252553,-2.4256237,0.001960784,0.004961028,0.056,170,"tags=85%, list=47%, signal=147%"
GO_EMBRYONIC_MORPHOGENESIS,GO_EMBRYONIC_MORPHOGENESIS,Details ...,22,-0.43559504,-2.4172382,0,0.005175401,0.062,200,"tags=95%, list=55%, signal=198%"
GO_CELL_CELL_SIGNALING,GO_CELL_CELL_SIGNALING,Details ...,45,-0.31597224,-2.3396707,0,0.008534728,0.105,200,"tags=82%, list=55%, signal=159%"
GO_NEGATIVE_REGULATION_OF_BIOSYNTHETIC_PROCESS,GO_NEGATIVE_REGULATION_OF_BIOSYNTHETIC_PROCESS,Details ...,34,-0.34903145,-2.327034,0,0.009332092,0.119,229,"tags=94%, list=63%, signal=229%"
CAGCTG_AP4_Q5,CAGCTG_AP4_Q5,Details ...,42,-0.3134306,-2.3176062,0,0.009377378,0.126,230,"tags=90%, list=63%, signal=216%"
CTGCAGY_UNKNOWN,CTGCAGY_UNKNOWN,,24,-0.4057918,-2.2981312,0,0.010401661,0.144,182,"tags=88%, list=50%, signal=163%"
GO_REGULATION_OF_NERVOUS_SYSTEM_DEVELOPMENT,GO_REGULATION_OF_NERVOUS_SYSTEM_DEVELOPMENT,,32,-0.3614865,-2.2967076,0,0.009928858,0.144,200,"tags=88%, list=55%, signal=177%"
GO_CELL_CELL_ADHESION_VIA_PLASMA_MEMBRANE_ADHESION_MOLECULES,GO_CELL_CELL_ADHESION_VIA_PLASMA_MEMBRANE_ADHESION_MOLECULES,,15,-0.48190475,-2.2666867,0.003921569,0.011475937,0.172,173,"tags=93%, list=47%, signal=170%"
GO_GROWTH,GO_GROWTH,,33,-0.3458379,-2.2605631,0.001960784,0.011534878,0.179,218,"tags=91%, list=60%, signal=205%"
GO_CELL_PART_MORPHOGENESIS,GO_CELL_PART_MORPHOGENESIS,,28,-0.36445525,-2.2531161,0,0.011642941,0.187,178,"tags=82%, list=49%, signal=148%"
SMID_BREAST_CANCER_BASAL_UP,SMID_BREAST_CANCER_BASAL_UP,,43,-0.31279793,-2.2519777,0,0.011356806,0.19,104,"tags=56%, list=28%, signal=69%"
GO_SYNAPSE,GO_SYNAPSE,,34,-0.33552516,-2.2246106,0,0.013517128,0.224,212,"tags=88%, list=58%, signal=191%"
GO_REGULATION_OF_CELL_DEVELOPMENT,GO_REGULATION_OF_CELL_DEVELOPMENT,,30,-0.35024875,-2.222804,0,0.013189211,0.225,200,"tags=87%, list=55%, signal=176%"
GO_REGULATION_OF_CELLULAR_COMPONENT_MOVEMENT,GO_REGULATION_OF_CELLULAR_COMPONENT_MOVEMENT,,15,-0.4904762,-2.2224596,0.001976285,0.01273441,0.225,170,"tags=93%, list=47%, signal=168%"
CHR19Q13,CHR19Q13,,21,-0.41459024,-2.2169156,0,0.012724266,0.231,206,"tags=95%, list=56%, signal=206%"
GO_POSITIVE_REGULATION_OF_NERVOUS_SYSTEM_DEVELOPMENT,GO_POSITIVE_REGULATION_OF_NERVOUS_SYSTEM_DEVELOPMENT,,21,-0.41348284,-2.2043664,0.002,0.013314368,0.247,189,"tags=90%, list=52%, signal=177%"
GO_METAL_ION_TRANSPORT,GO_METAL_ION_TRANSPORT,,26,-0.37134105,-2.1991506,0,0.013342807,0.255,198,"tags=88%, list=54%, signal=180%"
GCANCTGNY_MYOD_Q6,GCANCTGNY_MYOD_Q6,,31,-0.34566352,-2.1932538,0.001956947,0.013744011,0.272,227,"tags=94%, list=62%, signal=226%"
GO_REGULATION_OF_ANATOMICAL_STRUCTURE_MORPHOGENESIS,GO_REGULATION_OF_ANATOMICAL_STRUCTURE_MORPHOGENESIS,,30,-0.34577113,-2.192702,0.001879699,0.013465542,0.273,165,"tags=77%, list=45%, signal=128%"
MIKKELSEN_NPC_HCP_WITH_H3K4ME3_AND_H3K27ME3,MIKKELSEN_NPC_HCP_WITH_H3K4ME3_AND_H3K27ME3,,15,-0.46285713,-2.1862686,0,0.013684809,0.286,131,"tags=80%, list=36%, signal=120%"
GO_ANATOMICAL_STRUCTURE_FORMATION_INVOLVED_IN_MORPHOGENESIS,GO_ANATOMICAL_STRUCTURE_FORMATION_INVOLVED_IN_MORPHOGENESIS,,27,-0.36532983,-2.1846323,0,0.013384995,0.288,229,"tags=96%, list=63%, signal=239%"
REACTOME_DEVELOPMENTAL_BIOLOGY,REACTOME_DEVELOPMENTAL_BIOLOGY,,31,-0.34865755,-2.1674032,0,0.01473263,0.316,226,"tags=94%, list=62%, signal=225%"
GO_NEURON_PROJECTION,GO_NEURON_PROJECTION,,47,-0.2842901,-2.1640487,0.001945525,0.014734387,0.324,229,"tags=87%, list=63%, signal=204%"
TGGAAA_NFAT_Q4_01,TGGAAA_NFAT_Q4_01,,32,-0.3272335,-2.1634774,0,0.014391839,0.325,200,"tags=84%, list=55%, signal=170%"
GO_CIRCULATORY_SYSTEM_DEVELOPMENT,GO_CIRCULATORY_SYSTEM_DEVELOPMENT,,26,-0.3627184,-2.1632688,0.001968504,0.014032043,0.325,229,"tags=96%, list=63%, signal=240%"
GO_REGULATION_OF_PHOSPHORUS_METABOLIC_PROCESS,GO_REGULATION_OF_PHOSPHORUS_METABOLIC_PROCESS,,28,-0.3586265,-2.1502283,0.001996008,0.01490692,0.347,193,"tags=86%, list=53%, signal=168%"
MARTENS_TRETINOIN_RESPONSE_UP,MARTENS_TRETINOIN_RESPONSE_UP,,35,-0.31645018,-2.137327,0.006,0.015903754,0.376,126,"tags=63%, list=35%, signal=87%"
GO_ION_TRANSPORT,GO_ION_TRANSPORT,,46,-0.27790648,-2.1349287,0.001945525,0.015799595,0.38,198,"tags=78%, list=54%, signal=149%"
GO_MUSCLE_STRUCTURE_DEVELOPMENT,GO_MUSCLE_STRUCTURE_DEVELOPMENT,,20,-0.4115942,-2.126426,0.005940594,0.01620979,0.391,224,"tags=100%, list=61%, signal=245%"
GO_HEAD_DEVELOPMENT,GO_HEAD_DEVELOPMENT,,22,-0.38722503,-2.1245098,0.008130081,0.016006803,0.394,200,"tags=91%, list=55%, signal=189%"
GO_INTRINSIC_COMPONENT_OF_PLASMA_MEMBRANE,GO_INTRINSIC_COMPONENT_OF_PLASMA_MEMBRANE,,52,-0.26763332,-2.1000443,0.00203666,0.018460007,0.446,198,"tags=77%, list=54%, signal=144%"
BENPORATH_ES_WITH_H3K27ME3,BENPORATH_ES_WITH_H3K27ME3,,48,-0.28121713,-2.0909917,0.001919386,0.018770322,0.461,178,"tags=73%, list=49%, signal=124%"
GO_CELLULAR_COMPONENT_MORPHOGENESIS,GO_CELLULAR_COMPONENT_MORPHOGENESIS,,39,-0.289602,-2.0880175,0,0.018706549,0.466,178,"tags=74%, list=49%, signal=130%"
GO_POSITIVE_REGULATION_OF_MULTICELLULAR_ORGANISMAL_PROCESS,GO_POSITIVE_REGULATION_OF_MULTICELLULAR_ORGANISMAL_PROCESS,,44,-0.27796656,-2.081517,0,0.018872267,0.474,227,"tags=86%, list=62%, signal=201%"
GO_NEGATIVE_REGULATION_OF_RNA_BIOSYNTHETIC_PROCESS,GO_NEGATIVE_REGULATION_OF_RNA_BIOSYNTHETIC_PROCESS,,27,-0.3430857,-2.071122,0.004016064,0.019579249,0.488,223,"tags=93%, list=61%, signal=220%"
GO_POSITIVE_REGULATION_OF_TRANSCRIPTION_BY_RNA_POLYMERASE_II,GO_POSITIVE_REGULATION_OF_TRANSCRIPTION_BY_RNA_POLYMERASE_II,,29,-0.3414409,-2.067896,0.006224067,0.019532835,0.496,138,"tags=69%, list=38%, signal=102%"
GO_NEGATIVE_REGULATION_OF_CELLULAR_COMPONENT_ORGANIZATION,GO_NEGATIVE_REGULATION_OF_CELLULAR_COMPONENT_ORGANIZATION,,18,-0.41834772,-2.0628057,0,0.019717949,0.505,160,"tags=83%, list=44%, signal=141%"
BENPORATH_EED_TARGETS,BENPORATH_EED_TARGETS,,43,-0.28593096,-2.061897,0.007843138,0.019425165,0.507,223,"tags=86%, list=61%, signal=195%"
TAATTA_CHX10_01,TAATTA_CHX10_01,,25,-0.3482353,-2.0596793,0.004032258,0.019353455,0.51,233,"tags=96%, list=64%, signal=247%"
GO_REGULATION_OF_CELL_DIFFERENTIATION,GO_REGULATION_OF_CELL_DIFFERENTIATION,,43,-0.27516973,-2.0508718,0.001980198,0.020139271,0.527,201,"tags=79%, list=55%, signal=155%"
GO_DEVELOPMENTAL_GROWTH,GO_DEVELOPMENTAL_GROWTH,,28,-0.3231242,-2.047058,0.002155172,0.02002537,0.532,218,"tags=89%, list=60%, signal=205%"
GO_SYNAPSE_PART,GO_SYNAPSE_PART,,31,-0.32006955,-2.0454106,0.003929273,0.019772422,0.533,212,"tags=87%, list=58%, signal=190%"
GO_POSITIVE_REGULATION_OF_CELL_DEVELOPMENT,GO_POSITIVE_REGULATION_OF_CELL_DEVELOPMENT,,19,-0.40173408,-2.0383477,0.004310345,0.0206669,0.556,227,"tags=100%, list=62%, signal=251%"
GO_CELL_MORPHOGENESIS_INVOLVED_IN_NEURON_DIFFERENTIATION,GO_CELL_MORPHOGENESIS_INVOLVED_IN_NEURON_DIFFERENTIATION,,24,-0.35178396,-2.0341227,0.004192872,0.020909533,0.567,170,"tags=79%, list=47%, signal=138%"
YCATTAA_UNKNOWN,YCATTAA_UNKNOWN,,19,-0.41025248,-2.034028,0.004115226,0.02058452,0.567,128,"tags=74%, list=35%, signal=108%"
GO_POSITIVE_REGULATION_OF_DEVELOPMENTAL_PROCESS,GO_POSITIVE_REGULATION_OF_DEVELOPMENTAL_PROCESS,,41,-0.29162905,-2.027794,0.004040404,0.020905584,0.58,227,"tags=88%, list=62%, signal=206%"
GO_REGULATION_OF_NEURON_PROJECTION_DEVELOPMENT,GO_REGULATION_OF_NEURON_PROJECTION_DEVELOPMENT,,17,-0.42123055,-2.0240793,0.008048289,0.021096809,0.59,155,"tags=82%, list=42%, signal=136%"
GO_SEQUENCE_SPECIFIC_DNA_BINDING,GO_SEQUENCE_SPECIFIC_DNA_BINDING,,22,-0.37450308,-2.019652,0.004016064,0.021431161,0.604,138,"tags=73%, list=38%, signal=110%"
GGGYGTGNY_UNKNOWN,GGGYGTGNY_UNKNOWN,,20,-0.38188407,-2.0033448,0.00621118,0.02307169,0.638,216,"tags=95%, list=59%, signal=220%"
MODULE_137,MODULE_137,,27,-0.33420995,-2.0021873,0.00204918,0.022845197,0.639,226,"tags=93%, list=62%, signal=225%"
GO_SEQUENCE_SPECIFIC_DOUBLE_STRANDED_DNA_BINDING,GO_SEQUENCE_SPECIFIC_DOUBLE_STRANDED_DNA_BINDING,,17,-0.40838403,-1.9994779,0.010373444,0.022774296,0.646,138,"tags=76%, list=38%, signal=117%"
GO_REGULATORY_REGION_NUCLEIC_ACID_BINDING,GO_REGULATORY_REGION_NUCLEIC_ACID_BINDING,,19,-0.38135076,-1.9886787,0.007827789,0.023890173,0.664,138,"tags=74%, list=38%, signal=112%"
GO_REGULATION_OF_GROWTH,GO_REGULATION_OF_GROWTH,,19,-0.38089442,-1.9877053,0.002132196,0.023689294,0.666,215,"tags=95%, list=59%, signal=219%"
GO_EMBRYO_DEVELOPMENT,GO_EMBRYO_DEVELOPMENT,,27,-0.3311418,-1.9847937,0.00407332,0.023710301,0.672,200,"tags=85%, list=55%, signal=175%"
BENPORATH_PRC2_TARGETS,BENPORATH_PRC2_TARGETS,,33,-0.30558595,-1.9828984,0.007677543,0.023548076,0.676,165,"tags=73%, list=45%, signal=121%"
GO_NERVOUS_SYSTEM_PROCESS,GO_NERVOUS_SYSTEM_PROCESS,,37,-0.28946933,-1.9742221,0.003921569,0.024429152,0.693,202,"tags=81%, list=55%, signal=163%"
GO_REGULATION_OF_NEURON_DIFFERENTIATION,GO_REGULATION_OF_NEURON_DIFFERENTIATION,,21,-0.36074197,-1.9653856,0.007905139,0.025331633,0.715,155,"tags=76%, list=42%, signal=125%"
TTANTCA_UNKNOWN,TTANTCA_UNKNOWN,,25,-0.3276471,-1.9640692,0.004264392,0.025181169,0.716,94,"tags=56%, list=26%, signal=70%"
GO_CELL_CYCLE,GO_CELL_CYCLE,,16,-0.4102794,-1.9589049,0.004264392,0.025532084,0.729,200,"tags=94%, list=55%, signal=198%"
MODULE_100,MODULE_100,,26,-0.33015656,-1.9518205,0.011741683,0.02619527,0.744,226,"tags=92%, list=62%, signal=225%"
GO_ENZYME_LINKED_RECEPTOR_PROTEIN_SIGNALING_PATHWAY,GO_ENZYME_LINKED_RECEPTOR_PROTEIN_SIGNALING_PATHWAY,,26,-0.33015656,-1.9428202,0.00814664,0.027216902,0.765,226,"tags=92%, list=62%, signal=225%"
BENPORATH_SUZ12_TARGETS,BENPORATH_SUZ12_TARGETS,,48,-0.2502629,-1.9425262,0.006,0.026958136,0.769,165,"tags=67%, list=45%, signal=106%"
GO_BIOLOGICAL_ADHESION,GO_BIOLOGICAL_ADHESION,,43,-0.26895857,-1.9360064,0.008048289,0.027815197,0.785,203,"tags=79%, list=56%, signal=157%"
MODULE_11,MODULE_11,,26,-0.33015656,-1.9356899,0.006072875,0.027481297,0.785,226,"tags=92%, list=62%, signal=225%"
REACTOME_NEURONAL_SYSTEM,REACTOME_NEURONAL_SYSTEM,,19,-0.38317615,-1.9346979,0.00203252,0.02724564,0.787,195,"tags=89%, list=53%, signal=182%"
GO_REGULATION_OF_CELL_DEATH,GO_REGULATION_OF_CELL_DEATH,,26,-0.32913545,-1.9270055,0.00409836,0.028097745,0.806,100,"tags=58%, list=27%, signal=74%"
DELYS_THYROID_CANCER_UP,DELYS_THYROID_CANCER_UP,,18,-0.3845661,-1.9243656,0.004032258,0.028086668,0.81,192,"tags=89%, list=53%, signal=178%"
MODULE_66,MODULE_66,,26,-0.33015656,-1.9240286,0.00591716,0.027799893,0.812,226,"tags=92%, list=62%, signal=225%"
GO_RESPONSE_TO_GROWTH_FACTOR,GO_RESPONSE_TO_GROWTH_FACTOR,,18,-0.38536662,-1.9229064,0.008583691,0.027585411,0.815,212,"tags=94%, list=58%, signal=214%"
GO_APOPTOTIC_PROCESS,GO_APOPTOTIC_PROCESS,,34,-0.2940288,-1.9149439,0.011952192,0.029050088,0.834,215,"tags=85%, list=59%, signal=188%"
GO_CELLULAR_RESPONSE_TO_ENDOGENOUS_STIMULUS,GO_CELLULAR_RESPONSE_TO_ENDOGENOUS_STIMULUS,,37,-0.27991098,-1.910967,0.010162601,0.029387936,0.842,215,"tags=84%, list=59%, signal=183%"
MODULE_220,MODULE_220,,19,-0.36872527,-1.9086397,0.004149378,0.029494837,0.85,200,"tags=89%, list=55%, signal=188%"
MIKKELSEN_MCV6_HCP_WITH_H3K27ME3,MIKKELSEN_MCV6_HCP_WITH_H3K27ME3,,24,-0.3418866,-1.9064665,0.0078125,0.029528532,0.851,219,"tags=92%, list=60%, signal=214%"
GO_NEGATIVE_REGULATION_OF_DEVELOPMENTAL_PROCESS,GO_NEGATIVE_REGULATION_OF_DEVELOPMENTAL_PROCESS,,30,-0.30597013,-1.9040133,0.007843138,0.029566996,0.859,227,"tags=90%, list=62%, signal=218%"
GO_BEHAVIOR,GO_BEHAVIOR,,21,-0.35354373,-1.9036797,0.014830508,0.029284833,0.859,227,"tags=95%, list=62%, signal=237%"
GO_RESPONSE_TO_WOUNDING,GO_RESPONSE_TO_WOUNDING,,16,-0.40114614,-1.9003549,0.010183299,0.029488102,0.867,226,"tags=100%, list=62%, signal=251%"
GO_G_PROTEIN_COUPLED_RECEPTOR_SIGNALING_PATHWAY,GO_G_PROTEIN_COUPLED_RECEPTOR_SIGNALING_PATHWAY,,25,-0.32117647,-1.8888862,0.00422833,0.031312887,0.88,213,"tags=88%, list=58%, signal=197%"
GO_CHEMICAL_HOMEOSTASIS,GO_CHEMICAL_HOMEOSTASIS,,20,-0.36014494,-1.8888662,0.001980198,0.030991046,0.88,187,"tags=85%, list=51%, signal=165%"
GO_CIRCULATORY_SYSTEM_PROCESS,GO_CIRCULATORY_SYSTEM_PROCESS,,18,-0.38248476,-1.8799415,0.011560693,0.032400128,0.894,213,"tags=94%, list=58%, signal=216%"
GO_CATION_TRANSPORT,GO_CATION_TRANSPORT,,34,-0.28052247,-1.8744521,0.006036217,0.033009704,0.902,198,"tags=79%, list=54%, signal=157%"
GO_REGULATION_OF_TRANSFERASE_ACTIVITY,GO_REGULATION_OF_TRANSFERASE_ACTIVITY,,16,-0.39255017,-1.868932,0.008097166,0.03372375,0.911,229,"tags=100%, list=63%, signal=257%"
GO_REGULATION_OF_KINASE_ACTIVITY,GO_REGULATION_OF_KINASE_ACTIVITY,,16,-0.39255017,-1.8597254,0.01724138,0.034972552,0.922,229,"tags=100%, list=63%, signal=257%"
GO_POSITIVE_REGULATION_OF_CELLULAR_COMPONENT_ORGANIZATION,GO_POSITIVE_REGULATION_OF_CELLULAR_COMPONENT_ORGANIZATION,,21,-0.34509966,-1.8581531,0.011904762,0.035000913,0.925,143,"tags=71%, list=39%, signal=111%"
CTTTGA_LEF1_Q2,CTTTGA_LEF1_Q2,,27,-0.30889767,-1.855479,0.005882353,0.035136774,0.929,194,"tags=81%, list=53%, signal=161%"
REACTOME_MUSCLE_CONTRACTION,REACTOME_MUSCLE_CONTRACTION,,15,-0.40571427,-1.8544548,0.011952192,0.03492577,0.931,224,"tags=100%, list=61%, signal=248%"
GO_CATION_TRANSMEMBRANE_TRANSPORT,GO_CATION_TRANSMEMBRANE_TRANSPORT,,25,-0.32235295,-1.8518107,0.01632653,0.035150524,0.935,198,"tags=84%, list=54%, signal=171%"
GO_POSITIVE_REGULATION_OF_SIGNALING,GO_POSITIVE_REGULATION_OF_SIGNALING,,34,-0.27865648,-1.8411319,0.006382979,0.03685173,0.943,102,"tags=53%, list=28%, signal=67%"
RNGTGGGC_UNKNOWN,RNGTGGGC_UNKNOWN,,20,-0.34637684,-1.8409231,0.014314928,0.036534544,0.943,210,"tags=90%, list=58%, signal=200%"
GO_DOUBLE_STRANDED_DNA_BINDING,GO_DOUBLE_STRANDED_DNA_BINDING,,18,-0.3648735,-1.8307918,0.015444015,0.038214535,0.953,138,"tags=72%, list=38%, signal=110%"
MEISSNER_NPC_HCP_WITH_H3K4ME2,MEISSNER_NPC_HCP_WITH_H3K4ME2,,15,-0.40571427,-1.8201964,0.019379845,0.039949067,0.955,151,"tags=80%, list=41%, signal=131%"
GO_POSITIVE_REGULATION_OF_PROTEIN_METABOLIC_PROCESS,GO_POSITIVE_REGULATION_OF_PROTEIN_METABOLIC_PROCESS,,24,-0.3289345,-1.8132674,0.026915114,0.041188594,0.959,193,"tags=83%, list=53%, signal=165%"
TGACAGNY_MEIS1_01,TGACAGNY_MEIS1_01,,19,-0.3583815,-1.8053123,0.00625,0.042563114,0.962,242,"tags=100%, list=66%, signal=281%"
GO_CATION_TRANSMEMBRANE_TRANSPORTER_ACTIVITY,GO_CATION_TRANSMEMBRANE_TRANSPORTER_ACTIVITY,,24,-0.31427175,-1.8023218,0.020120725,0.04292099,0.962,198,"tags=83%, list=54%, signal=170%"
REACTOME_POST_TRANSLATIONAL_PROTEIN_MODIFICATION,REACTOME_POST_TRANSLATIONAL_PROTEIN_MODIFICATION,,25,-0.30470592,-1.7958344,0.013435701,0.044112522,0.968,131,"tags=64%, list=36%, signal=93%"
WONG_ADULT_TISSUE_STEM_MODULE,WONG_ADULT_TISSUE_STEM_MODULE,,15,-0.40285712,-1.7950585,0.025641026,0.04388416,0.968,152,"tags=80%, list=42%, signal=131%"
GO_POSITIVE_REGULATION_OF_CELL_POPULATION_PROLIFERATION,GO_POSITIVE_REGULATION_OF_CELL_POPULATION_PROLIFERATION,,20,-0.34275365,-1.7910637,0.014141414,0.044310845,0.973,193,"tags=85%, list=53%, signal=170%"
SMID_BREAST_CANCER_RELAPSE_IN_BONE_DN,SMID_BREAST_CANCER_RELAPSE_IN_BONE_DN,,32,-0.27299175,-1.7806555,0.017374517,0.046497323,0.977,104,"tags=53%, list=28%, signal=68%"
GO_NEGATIVE_REGULATION_OF_SIGNALING,GO_NEGATIVE_REGULATION_OF_SIGNALING,,22,-0.33010867,-1.7773763,0.015810277,0.04685804,0.978,203,"tags=86%, list=56%, signal=183%"
GO_DNA_BINDING_TRANSCRIPTION_FACTOR_ACTIVITY,GO_DNA_BINDING_TRANSCRIPTION_FACTOR_ACTIVITY,,26,-0.29986385,-1.7694426,0.026717557,0.0482814,0.981,138,"tags=65%, list=38%, signal=98%"
BLALOCK_ALZHEIMERS_DISEASE_DN,BLALOCK_ALZHEIMERS_DISEASE_DN,,21,-0.33028793,-1.7660815,0.021484375,0.048811216,0.981,235,"tags=95%, list=64%, signal=252%"
GO_POSITIVE_REGULATION_OF_PROTEIN_MODIFICATION_PROCESS,GO_POSITIVE_REGULATION_OF_PROTEIN_MODIFICATION_PROCESS,,20,-0.3442029,-1.7587256,0.015238095,0.05044482,0.984,229,"tags=95%, list=63%, signal=241%"
GO_METAL_ION_TRANSMEMBRANE_TRANSPORTER_ACTIVITY,GO_METAL_ION_TRANSMEMBRANE_TRANSPORTER_ACTIVITY,,21,-0.33679402,-1.746817,0.020325202,0.052866533,0.99,198,"tags=86%, list=54%, signal=177%"
GO_REGULATION_OF_SYSTEM_PROCESS,GO_REGULATION_OF_SYSTEM_PROCESS,,24,-0.30608505,-1.7401972,0.01764706,0.054085337,0.992,216,"tags=88%, list=59%, signal=200%"
GO_SENSORY_ORGAN_DEVELOPMENT,GO_SENSORY_ORGAN_DEVELOPMENT,,17,-0.3607167,-1.7385108,0.021526419,0.054134104,0.992,219,"tags=94%, list=60%, signal=224%"
GO_ION_TRANSMEMBRANE_TRANSPORTER_ACTIVITY,GO_ION_TRANSMEMBRANE_TRANSPORTER_ACTIVITY,,29,-0.27524632,-1.7382445,0.022044089,0.05380224,0.992,198,"tags=79%, list=54%, signal=160%"
GO_PEPTIDASE_ACTIVITY,GO_PEPTIDASE_ACTIVITY,,15,-0.38095236,-1.7381963,0.020295203,0.053380504,0.992,38,"tags=47%, list=10%, signal=50%"
GO_TRANSMEMBRANE_TRANSPORT,GO_TRANSMEMBRANE_TRANSPORT,,41,-0.2437519,-1.7310088,0.04329897,0.05509016,0.994,198,"tags=76%, list=54%, signal=147%"
GO_EPITHELIUM_DEVELOPMENT,GO_EPITHELIUM_DEVELOPMENT,,30,-0.2726368,-1.7300878,0.03469388,0.054922935,0.994,226,"tags=87%, list=62%, signal=209%"
GO_PROTEIN_PHOSPHORYLATION,GO_PROTEIN_PHOSPHORYLATION,,32,-0.2743994,-1.7274921,0.026639344,0.05518488,0.994,229,"tags=88%, list=63%, signal=214%"
GO_TUBE_MORPHOGENESIS,GO_TUBE_MORPHOGENESIS,,23,-0.30778033,-1.7244637,0.026369167,0.055580106,0.996,229,"tags=91%, list=63%, signal=230%"
GO_INORGANIC_ION_TRANSMEMBRANE_TRANSPORT,GO_INORGANIC_ION_TRANSMEMBRANE_TRANSPORT,,26,-0.28851825,-1.720744,0.016096579,0.056140516,0.997,198,"tags=81%, list=54%, signal=164%"
GO_CELL_MORPHOGENESIS_INVOLVED_IN_DIFFERENTIATION,GO_CELL_MORPHOGENESIS_INVOLVED_IN_DIFFERENTIATION,,29,-0.28366175,-1.710905,0.023166023,0.0586772,0.997,170,"tags=72%, list=47%, signal=125%"
GGATTA_PITX2_Q2,GGATTA_PITX2_Q2,,16,-0.36497137,-1.7038962,0.03632887,0.0603088,0.998,193,"tags=88%, list=53%, signal=178%"
GO_NEGATIVE_REGULATION_OF_MULTICELLULAR_ORGANISMAL_PROCESS,GO_NEGATIVE_REGULATION_OF_MULTICELLULAR_ORGANISMAL_PROCESS,,30,-0.26965174,-1.6933511,0.037698414,0.06347063,0.998,227,"tags=87%, list=62%, signal=210%"
GO_TRANSMEMBRANE_SIGNALING_RECEPTOR_ACTIVITY,GO_TRANSMEMBRANE_SIGNALING_RECEPTOR_ACTIVITY,,29,-0.2668309,-1.6872896,0.020325202,0.06497188,0.998,226,"tags=86%, list=62%, signal=208%"
MEISSNER_NPC_HCP_WITH_H3_UNMETHYLATED,MEISSNER_NPC_HCP_WITH_H3_UNMETHYLATED,,20,-0.32028988,-1.6814135,0.024809161,0.06628119,0.998,219,"tags=90%, list=60%, signal=213%"
GO_NEGATIVE_REGULATION_OF_TRANSCRIPTION_BY_RNA_POLYMERASE_II,GO_NEGATIVE_REGULATION_OF_TRANSCRIPTION_BY_RNA_POLYMERASE_II,,21,-0.31464562,-1.6775305,0.042168673,0.06687078,0.998,223,"tags=90%, list=61%, signal=219%"
GO_ION_TRANSMEMBRANE_TRANSPORT,GO_ION_TRANSMEMBRANE_TRANSPORT,,35,-0.25627702,-1.6757565,0.028985508,0.066897005,0.998,198,"tags=77%, list=54%, signal=152%"
GO_MUSCLE_TISSUE_DEVELOPMENT,GO_MUSCLE_TISSUE_DEVELOPMENT,,17,-0.34634888,-1.6724082,0.037037037,0.0674868,0.999,224,"tags=94%, list=61%, signal=232%"
GO_REGULATION_OF_CELL_POPULATION_PROLIFERATION,GO_REGULATION_OF_CELL_POPULATION_PROLIFERATION,,39,-0.23572439,-1.670446,0.023012552,0.067787156,0.999,233,"tags=85%, list=64%, signal=209%"
GO_HEART_PROCESS,GO_HEART_PROCESS,,15,-0.36761904,-1.6687591,0.03076923,0.06784619,1,213,"tags=93%, list=58%, signal=215%"
GO_EXTRACELLULAR_STRUCTURE_ORGANIZATION,GO_EXTRACELLULAR_STRUCTURE_ORGANIZATION,,20,-0.32028988,-1.6652969,0.03550296,0.06860986,1,219,"tags=90%, list=60%, signal=213%"
GO_TRANSPORTER_ACTIVITY,GO_TRANSPORTER_ACTIVITY,,34,-0.24808957,-1.6638756,0.034274194,0.06852097,1,198,"tags=76%, list=54%, signal=152%"
GO_INTRACELLULAR_TRANSPORT,GO_INTRACELLULAR_TRANSPORT,,21,-0.31464562,-1.6631557,0.024691358,0.06829385,1,223,"tags=90%, list=61%, signal=219%"
MARTINEZ_RB1_TARGETS_UP,MARTINEZ_RB1_TARGETS_UP,,15,-0.35714287,-1.6608789,0.028513238,0.0684445,1,241,"tags=100%, list=66%, signal=282%"
GO_AXON,GO_AXON,,26,-0.2798956,-1.6594924,0.030828517,0.06857402,1,229,"tags=88%, list=63%, signal=221%"
GO_REGULATION_OF_CELL_PROJECTION_ORGANIZATION,GO_REGULATION_OF_CELL_PROJECTION_ORGANIZATION,,19,-0.33571646,-1.6550704,0.033864543,0.06949396,1,173,"tags=79%, list=47%, signal=142%"
SCHAEFFER_PROSTATE_DEVELOPMENT_48HR_DN,SCHAEFFER_PROSTATE_DEVELOPMENT_48HR_DN,,20,-0.3152174,-1.6529138,0.041420117,0.06977252,1,239,"tags=95%, list=65%, signal=260%"
GO_IDENTICAL_PROTEIN_BINDING,GO_IDENTICAL_PROTEIN_BINDING,,30,-0.2636816,-1.6517144,0.027833002,0.069710605,1,229,"tags=87%, list=63%, signal=213%"
GO_CARDIOVASCULAR_SYSTEM_DEVELOPMENT,GO_CARDIOVASCULAR_SYSTEM_DEVELOPMENT,,18,-0.33637527,-1.6465851,0.02584493,0.07104466,1,229,"tags=94%, list=63%, signal=241%"
RTAAACA_FREAC2_01,RTAAACA_FREAC2_01,,18,-0.32853025,-1.643004,0.03,0.07195969,1,252,"tags=100%, list=69%, signal=307%"
REACTOME_TRANSMISSION_ACROSS_CHEMICAL_SYNAPSES,REACTOME_TRANSMISSION_ACROSS_CHEMICAL_SYNAPSES,,15,-0.34952378,-1.6316055,0.051652893,0.07547133,1,195,"tags=87%, list=53%, signal=178%"
GO_REGULATION_OF_MAPK_CASCADE,GO_REGULATION_OF_MAPK_CASCADE,,15,-0.35523808,-1.6302598,0.0375,0.07537393,1,193,"tags=87%, list=53%, signal=176%"
GO_REGULATION_OF_INTRACELLULAR_SIGNAL_TRANSDUCTION,GO_REGULATION_OF_INTRACELLULAR_SIGNAL_TRANSDUCTION,,25,-0.2829412,-1.6285768,0.03887689,0.07546746,1,226,"tags=88%, list=62%, signal=215%"
GO_SYNAPTIC_SIGNALING,GO_SYNAPTIC_SIGNALING,,25,-0.28529415,-1.6217865,0.03137255,0.07764437,1,196,"tags=80%, list=54%, signal=161%"
GO_SOMATODENDRITIC_COMPARTMENT,GO_SOMATODENDRITIC_COMPARTMENT,,29,-0.2579023,-1.6038837,0.034836065,0.08397505,1,229,"tags=86%, list=63%, signal=213%"
GO_CELL_SURFACE_RECEPTOR_SIGNALING_PATHWAY_INVOLVED_IN_CELL_CELL_SIGNALING,GO_CELL_SURFACE_RECEPTOR_SIGNALING_PATHWAY_INVOLVED_IN_CELL_CELL_SIGNALING,,15,-0.3580952,-1.6027309,0.038229376,0.08390231,1,119,"tags=67%, list=33%, signal=95%"
BRUINS_UVC_RESPONSE_VIA_TP53_GROUP_A,BRUINS_UVC_RESPONSE_VIA_TP53_GROUP_A,,27,-0.26890203,-1.602461,0.046413504,0.08344671,1,194,"tags=78%, list=53%, signal=154%"
GO_PASSIVE_TRANSMEMBRANE_TRANSPORTER_ACTIVITY,GO_PASSIVE_TRANSMEMBRANE_TRANSPORTER_ACTIVITY,,22,-0.29631594,-1.6008703,0.042944785,0.08360439,1,198,"tags=82%, list=54%, signal=168%"
GO_MOLECULAR_TRANSDUCER_ACTIVITY,GO_MOLECULAR_TRANSDUCER_ACTIVITY,,32,-0.24915542,-1.5992842,0.047058824,0.08351688,1,226,"tags=84%, list=62%, signal=202%"
GO_REGULATION_OF_TRANSPORT,GO_REGULATION_OF_TRANSPORT,,40,-0.225,-1.5969292,0.033398822,0.0838743,1,229,"tags=83%, list=63%, signal=197%"
REACTOME_AXON_GUIDANCE,REACTOME_AXON_GUIDANCE,,20,-0.3,-1.5940665,0.047131147,0.0845013,1,226,"tags=90%, list=62%, signal=223%"
GO_REGULATION_OF_ION_TRANSPORT,GO_REGULATION_OF_ION_TRANSPORT,,24,-0.27969208,-1.5887219,0.044624746,0.08611379,1,225,"tags=88%, list=62%, signal=213%"
CACGTG_MYC_Q2,CACGTG_MYC_Q2,,15,-0.3342857,-1.5826048,0.060784314,0.088131815,1,176,"tags=80%, list=48%, signal=148%"
GO_CELLULAR_RESPONSE_TO_NITROGEN_COMPOUND,GO_CELLULAR_RESPONSE_TO_NITROGEN_COMPOUND,,16,-0.33578083,-1.5814165,0.04225352,0.0880515,1,226,"tags=94%, list=62%, signal=235%"
GO_POSITIVE_REGULATION_OF_PHOSPHORUS_METABOLIC_PROCESS,GO_POSITIVE_REGULATION_OF_PHOSPHORUS_METABOLIC_PROCESS,,16,-0.32718483,-1.5785881,0.0499002,0.0886715,1,229,"tags=94%, list=63%, signal=241%"
MIKKELSEN_MEF_HCP_WITH_H3K27ME3,MIKKELSEN_MEF_HCP_WITH_H3K27ME3,,29,-0.25318146,-1.5783644,0.046025105,0.08822103,1,218,"tags=83%, list=60%, signal=189%"
GO_NEGATIVE_REGULATION_OF_NERVOUS_SYSTEM_DEVELOPMENT,GO_NEGATIVE_REGULATION_OF_NERVOUS_SYSTEM_DEVELOPMENT,,16,-0.33291548,-1.571774,0.054435484,0.090403825,1,227,"tags=94%, list=62%, signal=237%"
GO_PLASMA_MEMBRANE_REGION,GO_PLASMA_MEMBRANE_REGION,,35,-0.23809522,-1.5706245,0.057026476,0.09025812,1,204,"tags=77%, list=56%, signal=158%"
KRAS.600.LUNG.BREAST_UP.V1_DN,KRAS.600.LUNG.BREAST_UP.V1_DN,,15,-0.33809522,-1.5604683,0.043933053,0.094079055,1,199,"tags=87%, list=55%, signal=183%"
GO_CELLULAR_RESPONSE_TO_OXYGEN_CONTAINING_COMPOUND,GO_CELLULAR_RESPONSE_TO_OXYGEN_CONTAINING_COMPOUND,,24,-0.273827,-1.5585161,0.061099797,0.09427872,1,227,"tags=88%, list=62%, signal=216%"
GO_CELL_CELL_ADHESION,GO_CELL_CELL_ADHESION,,26,-0.26480597,-1.5544213,0.064453125,0.09543136,1,192,"tags=77%, list=53%, signal=151%"
GO_EPITHELIAL_CELL_DIFFERENTIATION,GO_EPITHELIAL_CELL_DIFFERENTIATION,,23,-0.2753623,-1.5472391,0.06732673,0.098283894,1,129,"tags=61%, list=35%, signal=88%"
MODULE_41,MODULE_41,,21,-0.28446844,-1.5393543,0.06570842,0.101144515,1,216,"tags=86%, list=59%, signal=198%"
GO_POSITIVE_REGULATION_OF_INTRACELLULAR_SIGNAL_TRANSDUCTION,GO_POSITIVE_REGULATION_OF_INTRACELLULAR_SIGNAL_TRANSDUCTION,,15,-0.3304762,-1.5365173,0.050632913,0.10168825,1,226,"tags=93%, list=62%, signal=235%"
GO_ENDOPLASMIC_RETICULUM,GO_ENDOPLASMIC_RETICULUM,,36,-0.22543061,-1.5352639,0.05185185,0.10184031,1,231,"tags=83%, list=63%, signal=205%"
GO_PRESYNAPSE,GO_PRESYNAPSE,,16,-0.32252866,-1.5341611,0.06652807,0.10174303,1,185,"tags=81%, list=51%, signal=158%"
GO_NEGATIVE_REGULATION_OF_MOLECULAR_FUNCTION,GO_NEGATIVE_REGULATION_OF_MOLECULAR_FUNCTION,,27,-0.259588,-1.5230074,0.059160307,0.106217735,1,89,"tags=48%, list=24%, signal=59%"
GO_NEGATIVE_REGULATION_OF_CELL_DEVELOPMENT,GO_NEGATIVE_REGULATION_OF_CELL_DEVELOPMENT,,15,-0.32761905,-1.5211997,0.06769826,0.106429465,1,227,"tags=93%, list=62%, signal=237%"
GO_BLOOD_VESSEL_MORPHOGENESIS,GO_BLOOD_VESSEL_MORPHOGENESIS,,16,-0.32718483,-1.5197991,0.08032128,0.10658437,1,229,"tags=94%, list=63%, signal=241%"
GO_NEGATIVE_REGULATION_OF_PROTEIN_METABOLIC_PROCESS,GO_NEGATIVE_REGULATION_OF_PROTEIN_METABOLIC_PROCESS,,27,-0.259588,-1.5187274,0.06972112,0.10639055,1,89,"tags=48%, list=24%, signal=59%"
GO_CELL_BODY,GO_CELL_BODY,,20,-0.29130435,-1.5169456,0.08264463,0.10656629,1,229,"tags=90%, list=63%, signal=228%"
GO_NEGATIVE_REGULATION_OF_CELL_DEATH,GO_NEGATIVE_REGULATION_OF_CELL_DEATH,,19,-0.30088225,-1.5138221,0.05533597,0.10760505,1,89,"tags=53%, list=24%, signal=66%"
GO_SUPRAMOLECULAR_COMPLEX,GO_SUPRAMOLECULAR_COMPLEX,,18,-0.30179313,-1.512903,0.059063137,0.107435495,1,241,"tags=94%, list=66%, signal=264%"
GO_RIBONUCLEOTIDE_BINDING,GO_RIBONUCLEOTIDE_BINDING,,19,-0.29358077,-1.508894,0.06496063,0.10855775,1,226,"tags=89%, list=62%, signal=223%"
GO_CELL_JUNCTION,GO_CELL_JUNCTION,,27,-0.25564322,-1.5081904,0.06403013,0.10828766,1,212,"tags=81%, list=58%, signal=180%"
GO_POSTSYNAPSE,GO_POSTSYNAPSE,,23,-0.27015,-1.5010868,0.070993915,0.11114175,1,226,"tags=87%, list=62%, signal=214%"
GO_STRUCTURAL_MOLECULE_ACTIVITY,GO_STRUCTURAL_MOLECULE_ACTIVITY,,25,-0.26235294,-1.5007341,0.08023483,0.110665865,1,233,"tags=88%, list=64%, signal=227%"
GO_TRANSMEMBRANE_TRANSPORTER_ACTIVITY,GO_TRANSMEMBRANE_TRANSPORTER_ACTIVITY,,32,-0.23048049,-1.4734887,0.09158879,0.12444113,1,198,"tags=75%, list=54%, signal=150%"
GO_CELL_PROJECTION_PART,GO_CELL_PROJECTION_PART,,38,-0.21334301,-1.470852,0.08382066,0.12508889,1,229,"tags=82%, list=63%, signal=196%"
GO_REGULATION_OF_RESPONSE_TO_STRESS,GO_REGULATION_OF_RESPONSE_TO_STRESS,,23,-0.26150522,-1.4691406,0.076595746,0.12529497,1,102,"tags=52%, list=28%, signal=68%"
GO_EXTRACELLULAR_MATRIX,GO_EXTRACELLULAR_MATRIX,,37,-0.21127221,-1.4659537,0.0741483,0.12637511,1,129,"tags=54%, list=35%, signal=75%"
WTTGKCTG_UNKNOWN,WTTGKCTG_UNKNOWN,,15,-0.32,-1.4563379,0.091451295,0.13092478,1,254,"tags=100%, list=70%, signal=315%"
GO_GATED_CHANNEL_ACTIVITY,GO_GATED_CHANNEL_ACTIVITY,,20,-0.27608696,-1.4510529,0.08722109,0.13335578,1,216,"tags=85%, list=59%, signal=197%"
SATO_SILENCED_BY_METHYLATION_IN_PANCREATIC_CANCER_1,SATO_SILENCED_BY_METHYLATION_IN_PANCREATIC_CANCER_1,,16,-0.29960603,-1.447791,0.071278825,0.13425294,1,193,"tags=81%, list=53%, signal=165%"
GO_SKELETAL_SYSTEM_DEVELOPMENT,GO_SKELETAL_SYSTEM_DEVELOPMENT,,20,-0.2782609,-1.4450716,0.08097166,0.13500468,1,197,"tags=80%, list=54%, signal=164%"
GO_SYNAPSE_ORGANIZATION,GO_SYNAPSE_ORGANIZATION,,18,-0.2865834,-1.4434756,0.09475806,0.13514677,1,226,"tags=89%, list=62%, signal=222%"
GO_PROTEOLYSIS,GO_PROTEOLYSIS,,29,-0.22701152,-1.4345026,0.099403575,0.13987522,1,38,"tags=31%, list=10%, signal=32%"
CAGGTA_AREB6_01,CAGGTA_AREB6_01,,20,-0.27391306,-1.4333862,0.07465619,0.13995197,1,89,"tags=50%, list=24%, signal=63%"
REACTOME_SIGNALING_BY_GPCR,REACTOME_SIGNALING_BY_GPCR,,17,-0.2934415,-1.4314119,0.07905138,0.14042561,1,178,"tags=76%, list=49%, signal=142%"
GO_PEPTIDYL_AMINO_ACID_MODIFICATION,GO_PEPTIDYL_AMINO_ACID_MODIFICATION,,19,-0.27791297,-1.4231277,0.11089109,0.14467327,1,193,"tags=79%, list=53%, signal=159%"
GO_RESPONSE_TO_NITROGEN_COMPOUND,GO_RESPONSE_TO_NITROGEN_COMPOUND,,22,-0.2630533,-1.4189342,0.08080808,0.14642245,1,226,"tags=86%, list=62%, signal=213%"
LEF1_UP.V1_UP,LEF1_UP.V1_UP,,16,-0.30193412,-1.4172524,0.100603625,0.14674802,1,215,"tags=88%, list=59%, signal=204%"
GO_NEGATIVE_REGULATION_OF_CATALYTIC_ACTIVITY,GO_NEGATIVE_REGULATION_OF_CATALYTIC_ACTIVITY,,20,-0.27391306,-1.4163656,0.11377245,0.14653187,1,89,"tags=50%, list=24%, signal=63%"
GO_TUBE_DEVELOPMENT,GO_TUBE_DEVELOPMENT,,26,-0.23848422,-1.3967233,0.10357816,0.15862136,1,229,"tags=85%, list=63%, signal=211%"
MODULE_12,MODULE_12,,17,-0.28177822,-1.3935429,0.11867704,0.15966132,1,225,"tags=88%, list=62%, signal=219%"
GO_POSITIVE_REGULATION_OF_CELL_DIFFERENTIATION,GO_POSITIVE_REGULATION_OF_CELL_DIFFERENTIATION,,28,-0.23336157,-1.3913318,0.1255144,0.16026512,1,157,"tags=64%, list=43%, signal=104%"
NABA_CORE_MATRISOME,NABA_CORE_MATRISOME,,19,-0.27334955,-1.373056,0.13068181,0.17131914,1,233,"tags=89%, list=64%, signal=235%"
GO_RECEPTOR_REGULATOR_ACTIVITY,GO_RECEPTOR_REGULATOR_ACTIVITY,,15,-0.29999998,-1.367677,0.12820514,0.17403394,1,115,"tags=60%, list=32%, signal=84%"
GO_SIGNAL_TRANSDUCTION_BY_PROTEIN_PHOSPHORYLATION,GO_SIGNAL_TRANSDUCTION_BY_PROTEIN_PHOSPHORYLATION,,17,-0.27890468,-1.3654094,0.11087866,0.17457327,1,226,"tags=88%, list=62%, signal=221%"
GO_TISSUE_MORPHOGENESIS,GO_TISSUE_MORPHOGENESIS,,21,-0.25539866,-1.3645959,0.14591439,0.17434645,1,226,"tags=86%, list=62%, signal=212%"
GO_MEMBRANE_PROTEIN_COMPLEX,GO_MEMBRANE_PROTEIN_COMPLEX,,25,-0.23647061,-1.3619928,0.125,0.1753998,1,198,"tags=76%, list=54%, signal=155%"
KRAS.600_UP.V1_DN,KRAS.600_UP.V1_DN,,18,-0.27313477,-1.3566811,0.14648438,0.17818646,1,109,"tags=56%, list=30%, signal=75%"
YOSHIMURA_MAPK8_TARGETS_UP,YOSHIMURA_MAPK8_TARGETS_UP,,41,-0.1866155,-1.349774,0.1388889,0.18238764,1,172,"tags=63%, list=47%, signal=106%"
GO_NEGATIVE_REGULATION_OF_RESPONSE_TO_STIMULUS,GO_NEGATIVE_REGULATION_OF_RESPONSE_TO_STIMULUS,,28,-0.212908,-1.3486738,0.11158799,0.18223,1,203,"tags=75%, list=56%, signal=156%"
GO_PROTEIN_CONTAINING_COMPLEX_BINDING,GO_PROTEIN_CONTAINING_COMPLEX_BINDING,,16,-0.28921923,-1.3440847,0.14368932,0.18453997,1,151,"tags=69%, list=41%, signal=112%"
GO_SECRETORY_VESICLE,GO_SECRETORY_VESICLE,,19,-0.26848188,-1.3438772,0.146,0.18384515,1,81,"tags=47%, list=22%, signal=58%"
GO_TRANSMEMBRANE_RECEPTOR_PROTEIN_TYROSINE_KINASE_SIGNALING_PATHWAY,GO_TRANSMEMBRANE_RECEPTOR_PROTEIN_TYROSINE_KINASE_SIGNALING_PATHWAY,,17,-0.27890468,-1.3431035,0.12927757,0.1835064,1,226,"tags=88%, list=62%, signal=221%"
RIGGI_EWING_SARCOMA_PROGENITOR_UP,RIGGI_EWING_SARCOMA_PROGENITOR_UP,,17,-0.2760311,-1.3423921,0.15247525,0.18314117,1,227,"tags=88%, list=62%, signal=223%"
GO_RESPONSE_TO_ENDOGENOUS_STIMULUS,GO_RESPONSE_TO_ENDOGENOUS_STIMULUS,,42,-0.1819991,-1.336221,0.12175649,0.18669477,1,229,"tags=79%, list=63%, signal=187%"
LOPEZ_MBD_TARGETS,LOPEZ_MBD_TARGETS,,17,-0.2760311,-1.3327136,0.12783505,0.18822119,1,227,"tags=88%, list=62%, signal=223%"
GSE19825_NAIVE_VS_IL2RALOW_DAY3_EFF_CD8_TCELL_UP,GSE19825_NAIVE_VS_IL2RALOW_DAY3_EFF_CD8_TCELL_UP,,18,-0.26528975,-1.3256438,0.13582677,0.19274658,1,132,"tags=61%, list=36%, signal=91%"
TGANTCA_AP1_C,TGANTCA_AP1_C,,28,-0.21619329,-1.3162812,0.13958333,0.19894443,1,241,"tags=86%, list=66%, signal=233%"
WTGAAAT_UNKNOWN,WTGAAAT_UNKNOWN,,16,-0.282235,-1.3147181,0.16494845,0.19917959,1,85,"tags=50%, list=23%, signal=62%"
GO_CALCIUM_ION_BINDING,GO_CALCIUM_ION_BINDING,,23,-0.22959572,-1.3128939,0.16232465,0.19974041,1,224,"tags=83%, list=61%, signal=200%"
GO_CYTOSKELETAL_PART,GO_CYTOSKELETAL_PART,,19,-0.25022817,-1.302252,0.16232465,0.20709068,1,241,"tags=89%, list=66%, signal=250%"
GO_REGULATION_OF_ION_TRANSMEMBRANE_TRANSPORT,GO_REGULATION_OF_ION_TRANSMEMBRANE_TRANSPORT,,18,-0.25696445,-1.2959956,0.16135459,0.21127789,1,216,"tags=83%, list=59%, signal=194%"
GO_SUPRAMOLECULAR_FIBER_ORGANIZATION,GO_SUPRAMOLECULAR_FIBER_ORGANIZATION,,17,-0.27028397,-1.2937872,0.17073171,0.21222901,1,229,"tags=88%, list=63%, signal=226%"
GO_DENDRITIC_TREE,GO_DENDRITIC_TREE,,20,-0.24420291,-1.2865164,0.1609658,0.21735296,1,227,"tags=85%, list=62%, signal=213%"
GO_CATION_CHANNEL_ACTIVITY,GO_CATION_CHANNEL_ACTIVITY,,18,-0.25696445,-1.2767828,0.17764471,0.22450343,1,216,"tags=83%, list=59%, signal=194%"
GO_MORPHOGENESIS_OF_AN_EPITHELIUM,GO_MORPHOGENESIS_OF_AN_EPITHELIUM,,16,-0.27041548,-1.2755039,0.18181819,0.22446436,1,226,"tags=88%, list=62%, signal=220%"
TGCCAAR_NF1_Q6,TGCCAAR_NF1_Q6,,21,-0.23504983,-1.271975,0.18436874,0.22648896,1,233,"tags=86%, list=64%, signal=223%"
CTTTAAR_UNKNOWN,CTTTAAR_UNKNOWN,,19,-0.24901125,-1.2690104,0.1820041,0.22797069,1,203,"tags=79%, list=56%, signal=169%"
GO_REGULATION_OF_TRANSMEMBRANE_TRANSPORT,GO_REGULATION_OF_TRANSMEMBRANE_TRANSPORT,,18,-0.25696445,-1.2617718,0.17457305,0.23314254,1,216,"tags=83%, list=59%, signal=194%"
GO_AXON_PART,GO_AXON_PART,,20,-0.23840581,-1.2610078,0.20825516,0.23274645,1,229,"tags=85%, list=63%, signal=216%"
GO_ORGANONITROGEN_COMPOUND_BIOSYNTHETIC_PROCESS,GO_ORGANONITROGEN_COMPOUND_BIOSYNTHETIC_PROCESS,,17,-0.26369166,-1.2494034,0.19795918,0.24190474,1,81,"tags=47%, list=22%, signal=58%"
TATAAA_TATA_01,TATAAA_TATA_01,,25,-0.21941178,-1.2458557,0.21679688,0.24392197,1,233,"tags=84%, list=64%, signal=216%"
GO_SYNAPTIC_MEMBRANE,GO_SYNAPTIC_MEMBRANE,,19,-0.24612108,-1.2433589,0.18828452,0.24513559,1,204,"tags=79%, list=56%, signal=170%"
GO_CYTOSKELETON_ORGANIZATION,GO_CYTOSKELETON_ORGANIZATION,,23,-0.22629036,-1.2344397,0.20321931,0.25224337,1,241,"tags=87%, list=66%, signal=240%"
YTATTTTNR_MEF2_02,YTATTTTNR_MEF2_02,,16,-0.26468483,-1.2318867,0.23046093,0.2533356,1,228,"tags=88%, list=62%, signal=223%"
GO_REGULATION_OF_ORGANELLE_ORGANIZATION,GO_REGULATION_OF_ORGANELLE_ORGANIZATION,,18,-0.24335574,-1.2314198,0.20528455,0.25262347,1,241,"tags=89%, list=66%, signal=249%"
GO_RESPONSE_TO_ABIOTIC_STIMULUS,GO_RESPONSE_TO_ABIOTIC_STIMULUS,,16,-0.25716335,-1.228324,0.2122905,0.25446844,1,185,"tags=75%, list=51%, signal=145%"
GO_POSTSYNAPTIC_MEMBRANE,GO_POSTSYNAPTIC_MEMBRANE,,17,-0.25625423,-1.2272052,0.21212122,0.25430688,1,148,"tags=65%, list=41%, signal=104%"
GO_RECEPTOR_COMPLEX,GO_RECEPTOR_COMPLEX,,19,-0.23805901,-1.2246655,0.22884615,0.25561813,1,226,"tags=84%, list=62%, signal=210%"
GO_HOMEOSTATIC_PROCESS,GO_HOMEOSTATIC_PROCESS,,36,-0.17426546,-1.2150191,0.21020408,0.263462,1,187,"tags=67%, list=51%, signal=123%"
GO_PLASMA_MEMBRANE_PROTEIN_COMPLEX,GO_PLASMA_MEMBRANE_PROTEIN_COMPLEX,,20,-0.22318842,-1.2130368,0.21289062,0.2641465,1,216,"tags=80%, list=59%, signal=185%"
GO_NEGATIVE_REGULATION_OF_CELL_DIFFERENTIATION,GO_NEGATIVE_REGULATION_OF_CELL_DIFFERENTIATION,,19,-0.23516884,-1.2088956,0.23625255,0.26683775,1,227,"tags=84%, list=62%, signal=211%"
GO_REGULATION_OF_CELLULAR_COMPONENT_BIOGENESIS,GO_REGULATION_OF_CELLULAR_COMPONENT_BIOGENESIS,,17,-0.24611223,-1.2051294,0.21995927,0.2695405,1,173,"tags=71%, list=47%, signal=128%"
GO_POSITIVE_REGULATION_OF_MOLECULAR_FUNCTION,GO_POSITIVE_REGULATION_OF_MOLECULAR_FUNCTION,,22,-0.21640605,-1.2045068,0.22916667,0.26899487,1,242,"tags=86%, list=66%, signal=241%"
GO_SMALL_MOLECULE_METABOLIC_PROCESS,GO_SMALL_MOLECULE_METABOLIC_PROCESS,,19,-0.2368421,-1.2009195,0.23277467,0.27125624,1,188,"tags=74%, list=52%, signal=144%"
GO_REPRODUCTIVE_SYSTEM_DEVELOPMENT,GO_REPRODUCTIVE_SYSTEM_DEVELOPMENT,,15,-0.2647619,-1.1937395,0.24693878,0.27675992,1,249,"tags=93%, list=68%, signal=282%"
GO_REGULATION_OF_SIGNALING_RECEPTOR_ACTIVITY,GO_REGULATION_OF_SIGNALING_RECEPTOR_ACTIVITY,,18,-0.23358947,-1.1906266,0.25316456,0.2787336,1,143,"tags=61%, list=39%, signal=96%"
MEISSNER_NPC_HCP_WITH_H3K4ME2_AND_H3K27ME3,MEISSNER_NPC_HCP_WITH_H3K4ME2_AND_H3K27ME3,,18,-0.23310918,-1.1830617,0.23076923,0.28464654,1,204,"tags=78%, list=56%, signal=168%"
SMID_BREAST_CANCER_LUMINAL_B_DN,SMID_BREAST_CANCER_LUMINAL_B_DN,,43,-0.16084069,-1.1753198,0.2416503,0.29118326,1,102,"tags=42%, list=28%, signal=51%"
GO_MOLECULAR_FUNCTION_REGULATOR,GO_MOLECULAR_FUNCTION_REGULATOR,,36,-0.1773894,-1.1729815,0.2548596,0.29240087,1,115,"tags=47%, list=32%, signal=62%"
GO_SECRETORY_GRANULE,GO_SECRETORY_GRANULE,,15,-0.2580952,-1.1638403,0.2623574,0.30064058,1,81,"tags=47%, list=22%, signal=58%"
GO_CARBOHYDRATE_DERIVATIVE_METABOLIC_PROCESS,GO_CARBOHYDRATE_DERIVATIVE_METABOLIC_PROCESS,,17,-0.23782961,-1.1549948,0.25675675,0.30839685,1,90,"tags=47%, list=25%, signal=60%"
GO_REGULATION_OF_TRANS_SYNAPTIC_SIGNALING,GO_REGULATION_OF_TRANS_SYNAPTIC_SIGNALING,,18,-0.228146,-1.1496414,0.27054107,0.31281686,1,226,"tags=83%, list=62%, signal=208%"
MODULE_99,MODULE_99,,17,-0.23427992,-1.1473763,0.29508197,0.31386662,1,263,"tags=94%, list=72%, signal=321%"
REACTOME_EXTRACELLULAR_MATRIX_ORGANIZATION,REACTOME_EXTRACELLULAR_MATRIX_ORGANIZATION,,17,-0.23732251,-1.1361259,0.30339321,0.3241919,1,219,"tags=82%, list=60%, signal=196%"
GO_ENDOPLASMIC_RETICULUM_PART,GO_ENDOPLASMIC_RETICULUM_PART,,18,-0.22030099,-1.1255728,0.30470347,0.3338925,1,249,"tags=89%, list=68%, signal=266%"
GO_CELLULAR_MACROMOLECULE_LOCALIZATION,GO_CELLULAR_MACROMOLECULE_LOCALIZATION,,20,-0.21666668,-1.1250446,0.30177516,0.33322054,1,200,"tags=75%, list=55%, signal=157%"
MODULE_33,MODULE_33,,17,-0.22278567,-1.1089488,0.30339321,0.34907892,1,267,"tags=94%, list=73%, signal=334%"
GO_VOLTAGE_GATED_ION_CHANNEL_ACTIVITY,GO_VOLTAGE_GATED_ION_CHANNEL_ACTIVITY,,16,-0.23370345,-1.1073905,0.318,0.34936807,1,216,"tags=81%, list=59%, signal=190%"
GO_CELLULAR_RESPONSE_TO_LIPID,GO_CELLULAR_RESPONSE_TO_LIPID,,16,-0.23352438,-1.0791434,0.36978132,0.38069615,1,102,"tags=50%, list=28%, signal=66%"
GO_REGULATION_OF_RESPONSE_TO_EXTERNAL_STIMULUS,GO_REGULATION_OF_RESPONSE_TO_EXTERNAL_STIMULUS,,17,-0.22768763,-1.07053,0.34810126,0.3890281,1,115,"tags=53%, list=32%, signal=74%"
GRAESSMANN_APOPTOSIS_BY_DOXORUBICIN_UP,GRAESSMANN_APOPTOSIS_BY_DOXORUBICIN_UP,,16,-0.22385389,-1.0670129,0.33962265,0.39170805,1,151,"tags=63%, list=41%, signal=102%"
GO_CONNECTIVE_TISSUE_DEVELOPMENT,GO_CONNECTIVE_TISSUE_DEVELOPMENT,,16,-0.22797279,-1.0642283,0.36231884,0.39350975,1,218,"tags=81%, list=60%, signal=193%"
LIU_PROSTATE_CANCER_DN,LIU_PROSTATE_CANCER_DN,,21,-0.19102989,-1.0465751,0.4092742,0.41366896,1,196,"tags=71%, list=54%, signal=145%"
MYOD_01,MYOD_01,,17,-0.20909397,-1.0216403,0.40412372,0.44523036,1,100,"tags=47%, list=27%, signal=62%"
ZWANG_TRANSIENTLY_UP_BY_2ND_EGF_PULSE_ONLY,ZWANG_TRANSIENTLY_UP_BY_2ND_EGF_PULSE_ONLY,,38,-0.14453568,-1.0173535,0.42138365,0.44908747,1,69,"tags=32%, list=19%, signal=35%"
GO_DEVELOPMENTAL_PROCESS_INVOLVED_IN_REPRODUCTION,GO_DEVELOPMENTAL_PROCESS_INVOLVED_IN_REPRODUCTION,,19,-0.19622755,-1.0109835,0.4306839,0.45576295,1,106,"tags=47%, list=29%, signal=63%"
PEREZ_TP53_TARGETS,PEREZ_TP53_TARGETS,,29,-0.16163795,-0.98803645,0.4534413,0.48428884,1,211,"tags=72%, list=58%, signal=158%"
GO_PROTEIN_DIMERIZATION_ACTIVITY,GO_PROTEIN_DIMERIZATION_ACTIVITY,,19,-0.1957712,-0.9837997,0.4593496,0.48848036,1,183,"tags=68%, list=50%, signal=130%"
GO_GOLGI_APPARATUS,GO_GOLGI_APPARATUS,,19,-0.18664435,-0.9482872,0.51102203,0.5349425,1,263,"tags=89%, list=72%, signal=304%"
ACEVEDO_METHYLATED_IN_LIVER_CANCER_DN,ACEVEDO_METHYLATED_IN_LIVER_CANCER_DN,,19,-0.18299359,-0.92788476,0.5029014,0.56198514,1,149,"tags=58%, list=41%, signal=93%"
GO_CELLULAR_RESPONSE_TO_HORMONE_STIMULUS,GO_CELLULAR_RESPONSE_TO_HORMONE_STIMULUS,,20,-0.17318842,-0.9194112,0.53061223,0.5721017,1,215,"tags=75%, list=59%, signal=173%"
GO_SENSORY_PERCEPTION,GO_SENSORY_PERCEPTION,,15,-0.19047618,-0.88945925,0.6007905,0.612853,1,202,"tags=73%, list=55%, signal=157%"
GO_REPRODUCTION,GO_REPRODUCTION,,33,-0.13472065,-0.8838089,0.596,0.6190678,1,89,"tags=36%, list=24%, signal=44%"
GO_COLLAGEN_CONTAINING_EXTRACELLULAR_MATRIX,GO_COLLAGEN_CONTAINING_EXTRACELLULAR_MATRIX,,26,-0.14386202,-0.8529036,0.6338912,0.663301,1,233,"tags=77%, list=64%, signal=198%"
GO_NEGATIVE_REGULATION_OF_CELL_POPULATION_PROLIFERATION,GO_NEGATIVE_REGULATION_OF_CELL_POPULATION_PROLIFERATION,,19,-0.16230604,-0.83205754,0.67142856,0.6909207,1,233,"tags=79%, list=64%, signal=207%"
BYSTRYKH_HEMATOPOIESIS_STEM_CELL_QTL_TRANS,BYSTRYKH_HEMATOPOIESIS_STEM_CELL_QTL_TRANS,,15,-0.18285713,-0.8233305,0.67351127,0.70090157,1,229,"tags=80%, list=63%, signal=206%"
GO_RESPONSE_TO_OXYGEN_CONTAINING_COMPOUND,GO_RESPONSE_TO_OXYGEN_CONTAINING_COMPOUND,,34,-0.123156205,-0.8156701,0.6933868,0.70956427,1,132,"tags=47%, list=36%, signal=67%"
LEE_BMP2_TARGETS_UP,LEE_BMP2_TARGETS_UP,,15,-0.17809522,-0.807229,0.7005988,0.71899676,1,182,"tags=67%, list=50%, signal=128%"
GO_RESPONSE_TO_DRUG,GO_RESPONSE_TO_DRUG,,22,-0.14073682,-0.7674036,0.75643563,0.7732509,1,185,"tags=64%, list=51%, signal=121%"
GO_POSITIVE_REGULATION_OF_TRANSPORT,GO_POSITIVE_REGULATION_OF_TRANSPORT,,15,-0.1628571,-0.7430846,0.78846157,0.80284154,1,90,"tags=40%, list=25%, signal=51%"
GO_LIPID_METABOLIC_PROCESS,GO_LIPID_METABOLIC_PROCESS,,16,-0.15239972,-0.724292,0.80422264,0.8245278,1,290,"tags=94%, list=79%, signal=436%"
NABA_MATRISOME,NABA_MATRISOME,,44,-0.09614838,-0.71151364,0.83744854,0.8375866,1,219,"tags=68%, list=60%, signal=150%"
GO_WHOLE_MEMBRANE,GO_WHOLE_MEMBRANE,,23,-0.122298494,-0.6856313,0.85265225,0.86480224,1,102,"tags=39%, list=28%, signal=51%"
GO_SECRETION,GO_SECRETION,,22,-0.10919693,-0.5856309,0.95780593,0.9533058,1,229,"tags=73%, list=63%, signal=183%"
SMID_BREAST_CANCER_NORMAL_LIKE_UP,SMID_BREAST_CANCER_NORMAL_LIKE_UP,,20,-0.08840582,-0.4557028,0.99616855,0.99608123,1,80,"tags=30%, list=22%, signal=36%"
